sep=,
name,short_description,long_description,category_image_1
Football,"Jerseys, cleats, helmets & more","<p><span style=""font-size: 18pt;""><strong>Cycling</strong></span></p>
<p>Embark on thrilling adventures with our premium cycling equipment and apparel. Whether you're a road cyclist or a mountain biker, we have everything you need to explore the great outdoors. From sleek bikes to innovative helmets and high-performance gear, we offer top-of-the-line products designed for cyclists of all skill levels. Our extensive selection includes:</p>
<ul>
<li><strong>Bicycles:</strong> Choose from a variety of bikes suited for different terrains and riding styles, including road bikes, mountain bikes, hybrid bikes, and more. Our bikes are built with precision engineering and advanced technology to deliver optimal performance and comfort on every ride.</li>
<li>
<p><strong>Helmets:</strong> Protect yourself on the road or trail with our range of high-quality helmets. Designed for safety and comfort, our helmets feature advanced ventilation systems, adjustable fit systems, and durable construction to keep you safe while cycling.</p>
</li>
<li>
<p><strong>Apparel:</strong> Stay comfortable and stylish during your rides with our cycling apparel collection. From moisture-wicking jerseys and padded shorts to windproof jackets and breathable gloves, we offer clothing designed to enhance your performance and withstand the rigors of cycling.</p>
</li>
<li>
<p><strong>Accessories:</strong> Enhance your cycling experience with our selection of accessories, including bike locks, lights, water bottles, pumps, and more. Whether you're commuting to work or tackling a challenging trail, our accessories are designed to meet your cycling needs and enhance your ride.</p>
</li>
</ul>
<p>At our sports shop, we are passionate about cycling and dedicated to helping you enjoy the sport to the fullest. Whether you're a casual rider or a competitive cyclist, our cycling category provides the tools and gear you need to ride with confidence and style.</p>",uploads\1718182958628_football.jpg
Baseball,"Bats, gloves, uniforms & more","<p><span style=""font-size: 18pt;""><strong>Baseball</strong></span></p>
<p>Experience the excitement of baseball with our premium collection of equipment and apparel. Whether you're a seasoned player or just starting out, we have everything you need to excel on the field. Our baseball category offers a wide range of high-quality products designed to enhance your performance and elevate your game. Our selection includes:</p>
<ul>
<li>
<p><strong>Bats:</strong> Swing for the fences with our selection of high-performance baseball bats. Choose from a variety of materials, including aluminum and composite, and find the perfect bat to suit your swing and hitting style.</p>
</li>
<li>
<p><strong>Gloves:</strong> Make game-changing plays in the field with our durable baseball gloves. Our gloves are crafted from premium leather and feature ergonomic designs to provide maximum comfort and control.</p>
</li>
<li>
<p><strong>Uniforms:</strong> Look and feel like a pro with our selection of baseball uniforms and apparel. From jerseys and pants to hats and socks, we offer high-quality uniforms designed for comfort, durability, and style.</p>
</li>
<li>
<p><strong>Accessories:</strong> Complete your baseball kit with our range of accessories, including batting gloves, batting helmets, cleats, and more. Our accessories are designed to enhance your performance and keep you safe on the field.</p>
</li>
</ul>
<p>Whether you're hitting homers in the backyard or competing on the diamond, our baseball category has everything you need to play with confidence and style. At our sports shop, we're passionate about baseball and dedicated to helping you enjoy the game to the fullest.</p>",uploads\1712077064444_baseball.jpg
Hockey,"Skates, sticks, pads & more","<p><strong><span style=""font-size: 18pt;"">Hockey</span></strong></p>
<p>Immerse yourself in the excitement of hockey with our comprehensive selection of high-quality equipment and apparel. Whether you're a seasoned player or just starting out, we have everything you need to hit the ice with confidence. Our hockey category offers a wide range of top-of-the-line products designed to enhance your performance and elevate your game. Our selection includes:</p>
<ul>
<li>
<p><strong>Skates:</strong> Glide across the ice with precision and control in our high-performance hockey skates. Our skates feature advanced blade technology and ergonomic designs to provide maximum comfort and agility on the ice.</p>
</li>
<li>
<p><strong>Sticks:</strong> Score goals and make plays with our selection of premium hockey sticks. Choose from a variety of materials and flex options to find the perfect stick to suit your shooting style and puck handling skills.</p>
</li>
<li>
<p><strong>Protective Gear:</strong> Stay safe on the ice with our range of protective gear, including helmets, shoulder pads, elbow pads, shin guards, and gloves. Our gear is designed to provide maximum protection without compromising mobility or comfort.</p>
</li>
<li>
<p><strong>Apparel:</strong> Look and feel like a pro with our collection of hockey apparel and jerseys. From moisture-wicking jerseys to warm-up jackets and pants, we offer clothing designed for performance and style both on and off the ice.</p>
</li>
</ul>
<p>Whether you're playing in a competitive league or hitting the rink for a casual game with friends, our hockey category has everything you need to play with confidence and passion. At our sports shop, we're dedicated to helping you enjoy the thrill of hockey to the fullest.</p>",uploads\1712076974345_hockey.jpg
Cycling,"Bikes, helmets, gear & more","<p><span style=""font-size: 18pt;""><strong>Cycling</strong></span></p>
<p>Embark on thrilling adventures with our premium cycling equipment and apparel. Whether you're a road cyclist or a mountain biker, we have everything you need to explore the great outdoors. From sleek bikes to innovative helmets and high-performance gear, we offer top-of-the-line products designed for cyclists of all skill levels. Our extensive selection includes:</p>
<ul>
<li><strong>Bicycles:</strong> Choose from a variety of bikes suited for different terrains and riding styles, including road bikes, mountain bikes, hybrid bikes, and more. Our bikes are built with precision engineering and advanced technology to deliver optimal performance and comfort on every ride.</li>
<li>
<p><strong>Helmets:</strong> Protect yourself on the road or trail with our range of high-quality helmets. Designed for safety and comfort, our helmets feature advanced ventilation systems, adjustable fit systems, and durable construction to keep you safe while cycling.</p>
</li>
<li>
<p><strong>Apparel:</strong> Stay comfortable and stylish during your rides with our cycling apparel collection. From moisture-wicking jerseys and padded shorts to windproof jackets and breathable gloves, we offer clothing designed to enhance your performance and withstand the rigors of cycling.</p>
</li>
<li>
<p><strong>Accessories:</strong> Enhance your cycling experience with our selection of accessories, including bike locks, lights, water bottles, pumps, and more. Whether you're commuting to work or tackling a challenging trail, our accessories are designed to meet your cycling needs and enhance your ride.</p>
</li>
</ul>
<p>At our sports shop, we are passionate about cycling and dedicated to helping you enjoy the sport to the fullest. Whether you're a casual rider or a competitive cyclist, our cycling category provides the tools and gear you need to ride with confidence and style.</p>",uploads\1712077043165_cycling.jpg